scan,acquisition,start_time,I0Monitor,qnw3_set,fields_not_recorded,error
B0002_12IDB_Standard_006C_att00_Rq0,B0002_12IDB_Standard_006C_att00_Rq0_00001,2021-10-09 17:17:20,853777728,6.00,TransmissionMonitor,
B0002_12IDB_Standard_006C_att00_Rq0,B0002_12IDB_Standard_006C_att00_Rq0_00002,2021-10-09 17:17:27,854424576,6.00,TransmissionMonitor,
B0002_12IDB_Standard_006C_att00_Rq0,B0002_12IDB_Standard_006C_att00_Rq0_00003,2021-10-09 17:17:32,855065856,6.00,TransmissionMonitor,
B0002_12IDB_Standard_006C_att00_Rq0,B0002_12IDB_Standard_006C_att00_Rq0_00004,2021-10-09 17:17:38,855711552,6.00,TransmissionMonitor,
B0002_12IDB_Standard_006C_att00_Rq0,B0002_12IDB_Standard_006C_att00_Rq0_00005,2021-10-09 17:17:43,856353792,6.00,TransmissionMonitor,
B0002_12IDB_Standard_006C_att00_Rq0,B0002_12IDB_Standard_006C_att00_Rq0_00006,2021-10-09 17:17:48,856998272,6.00,TransmissionMonitor,
B0002_12IDB_Standard_006C_att00_Rq0,B0002_12IDB_Standard_006C_att00_Rq0_00007,2021-10-09 17:17:53,857639936,6.00,TransmissionMonitor,
B0002_12IDB_Standard_006C_att00_Rq0,B0002_12IDB_Standard_006C_att00_Rq0_00008,2021-10-09 17:17:58,858282304,6.00,TransmissionMonitor,
B0002_12IDB_Standard_006C_att00_Rq0,B0002_12IDB_Standard_006C_att00_Rq0_00009,2021-10-09 17:18:03,858931584,6.00,TransmissionMonitor,
B0002_12IDB_Standard_006C_att00_Rq0,B0002_12IDB_Standard_006C_att00_Rq0_00010,2021-10-09 17:18:09,859579712,6.00,TransmissionMonitor,
B0002_12IDB_Standard_006C_att00_Rq0,B0002_12IDB_Standard_006C_att00_Rq0_00011,2021-10-09 17:18:14,860223040,6.00,TransmissionMonitor,
B0002_12IDB_Standard_006C_att00_Rq0,B0002_12IDB_Standard_006C_att00_Rq0_00012,2021-10-09 17:18:19,860864256,6.00,TransmissionMonitor,
B0002_12IDB_Standard_006C_att00_Rq0,B0002_12IDB_Standard_006C_att00_Rq0_00013,2021-10-09 17:18:24,861507392,6.00,TransmissionMonitor,
B0002_12IDB_Standard_006C_att00_Rq0,B0002_12IDB_Standard_006C_att00_Rq0_00014,2021-10-09 17:18:30,862341056,6.00,TransmissionMonitor,
B0002_12IDB_Standard_006C_att00_Rq0,B0002_12IDB_Standard_006C_att00_Rq0_00015,2021-10-09 17:18:36,862981760,6.00,TransmissionMonitor,
B0002_12IDB_Standard_006C_att00_Rq0,B0002_12IDB_Standard_006C_att00_Rq0_00016,2021-10-09 17:18:46,863629376,6.00,TransmissionMonitor,
B0002_12IDB_Standard_006C_att00_Rq0,B0002_12IDB_Standard_006C_att00_Rq0_00017,2021-10-09 17:18:51,864269312,6.00,TransmissionMonitor,
B0002_12IDB_Standard_006C_att00_Rq0,B0002_12IDB_Standard_006C_att00_Rq0_00018,2021-10-09 17:18:57,864916480,6.00,TransmissionMonitor,
B0002_12IDB_Standard_006C_att00_Rq0,B0002_12IDB_Standard_006C_att00_Rq0_00019,2021-10-09 17:19:02,865559872,6.00,TransmissionMonitor,
B0002_12IDB_Standard_006C_att00_Rq0,B0002_12IDB_Standard_006C_att00_Rq0_00020,2021-10-09 17:19:08,866206144,6.00,TransmissionMonitor,
B0003_12IDB_Standard_006C_att00_Rq0,B0003_12IDB_Standard_006C_att00_Rq0_00001,2021-10-09 17:26:09,866847168,6.00,TransmissionMonitor,
B0003_12IDB_Standard_006C_att00_Rq0,B0003_12IDB_Standard_006C_att00_Rq0_00002,2021-10-09 17:26:15,867487872,6.00,TransmissionMonitor,
B0003_12IDB_Standard_006C_att00_Rq0,B0003_12IDB_Standard_006C_att00_Rq0_00003,2021-10-09 17:26:21,868133824,6.00,TransmissionMonitor,
B0003_12IDB_Standard_006C_att00_Rq0,B0003_12IDB_Standard_006C_att00_Rq0_00004,2021-10-09 17:26:26,868774464,6.00,TransmissionMonitor,
B0003_12IDB_Standard_006C_att00_Rq0,B0003_12IDB_Standard_006C_att00_Rq0_00005,2021-10-09 17:26:31,869437248,6.00,TransmissionMonitor,
B0004_12IDB_Standard_006C_att00_Rq0,B0004_12IDB_Standard_006C_att00_Rq0_00001,2021-10-09 17:26:49,870077120,6.00,TransmissionMonitor,
B0004_12IDB_Standard_006C_att00_Rq0,B0004_12IDB_Standard_006C_att00_Rq0_00002,2021-10-09 17:26:54,870716992,6.00,TransmissionMonitor,
B0004_12IDB_Standard_006C_att00_Rq0,B0004_12IDB_Standard_006C_att00_Rq0_00003,,,,,no Data Exchange metadata
B0005_12IDB_Standard_006C_att00_Rq0,B0005_12IDB_Standard_006C_att00_Rq0_00001,2021-10-09 17:27:15,874524928,6.00,TransmissionMonitor,
B0005_12IDB_Standard_006C_att00_Rq0,B0005_12IDB_Standard_006C_att00_Rq0_00002,2021-10-09 17:27:20,875172032,6.00,TransmissionMonitor,
B0005_12IDB_Standard_006C_att00_Rq0,B0005_12IDB_Standard_006C_att00_Rq0_00003,2021-10-09 17:27:25,875814016,6.00,TransmissionMonitor,
B0005_12IDB_Standard_006C_att00_Rq0,B0005_12IDB_Standard_006C_att00_Rq0_00004,2021-10-09 17:27:30,876464768,6.00,TransmissionMonitor,
B0005_12IDB_Standard_006C_att00_Rq0,B0005_12IDB_Standard_006C_att00_Rq0_00005,2021-10-09 17:27:35,877108928,6.00,TransmissionMonitor,
B0005_12IDB_Standard_006C_att00_Rq0,B0005_12IDB_Standard_006C_att00_Rq0_00006,2021-10-09 17:27:45,877752320,6.00,TransmissionMonitor,
B0005_12IDB_Standard_006C_att00_Rq0,B0005_12IDB_Standard_006C_att00_Rq0_00007,2021-10-09 17:27:50,878395776,6.00,TransmissionMonitor,
B0005_12IDB_Standard_006C_att00_Rq0,B0005_12IDB_Standard_006C_att00_Rq0_00008,2021-10-09 17:27:56,879042880,6.00,TransmissionMonitor,
B0005_12IDB_Standard_006C_att00_Rq0,B0005_12IDB_Standard_006C_att00_Rq0_00009,2021-10-09 17:28:01,879689536,6.00,TransmissionMonitor,
B0005_12IDB_Standard_006C_att00_Rq0,B0005_12IDB_Standard_006C_att00_Rq0_00010,2021-10-09 17:28:07,880329792,6.00,TransmissionMonitor,
B0005_12IDB_Standard_006C_att00_Rq0,B0005_12IDB_Standard_006C_att00_Rq0_00011,2021-10-09 17:28:13,880973376,6.00,TransmissionMonitor,
B0005_12IDB_Standard_006C_att00_Rq0,B0005_12IDB_Standard_006C_att00_Rq0_00012,2021-10-09 17:28:18,881622656,6.00,TransmissionMonitor,
B0005_12IDB_Standard_006C_att00_Rq0,B0005_12IDB_Standard_006C_att00_Rq0_00013,2021-10-09 17:28:24,882264960,6.00,TransmissionMonitor,
B0005_12IDB_Standard_006C_att00_Rq0,B0005_12IDB_Standard_006C_att00_Rq0_00014,2021-10-09 17:28:29,882902144,6.00,TransmissionMonitor,
B0005_12IDB_Standard_006C_att00_Rq0,B0005_12IDB_Standard_006C_att00_Rq0_00015,2021-10-09 17:28:34,883619776,6.00,TransmissionMonitor,
B0005_12IDB_Standard_006C_att00_Rq0,B0005_12IDB_Standard_006C_att00_Rq0_00016,2021-10-09 17:28:39,884260160,6.00,TransmissionMonitor,
B0005_12IDB_Standard_006C_att00_Rq0,B0005_12IDB_Standard_006C_att00_Rq0_00017,2021-10-09 17:28:47,884899584,6.00,TransmissionMonitor,
B0005_12IDB_Standard_006C_att00_Rq0,B0005_12IDB_Standard_006C_att00_Rq0_00018,2021-10-09 17:28:52,885537984,6.00,TransmissionMonitor,
B0005_12IDB_Standard_006C_att00_Rq0,B0005_12IDB_Standard_006C_att00_Rq0_00019,2021-10-09 17:28:57,886177472,6.00,TransmissionMonitor,
B0005_12IDB_Standard_006C_att00_Rq0,B0005_12IDB_Standard_006C_att00_Rq0_00020,2021-10-09 17:29:02,886816640,6.00,TransmissionMonitor,
B0005_12IDB_Standard_006C_att00_Rq0,B0005_12IDB_Standard_006C_att00_Rq0_00021,2021-10-09 17:29:09,887456128,6.00,TransmissionMonitor,
B0005_12IDB_Standard_006C_att00_Rq0,B0005_12IDB_Standard_006C_att00_Rq0_00022,2021-10-09 17:29:14,888093696,6.00,TransmissionMonitor,
B0005_12IDB_Standard_006C_att00_Rq0,B0005_12IDB_Standard_006C_att00_Rq0_00023,2021-10-09 17:29:19,888732608,6.00,TransmissionMonitor,
B0005_12IDB_Standard_006C_att00_Rq0,B0005_12IDB_Standard_006C_att00_Rq0_00024,2021-10-09 17:29:24,889371520,6.00,TransmissionMonitor,
B0005_12IDB_Standard_006C_att00_Rq0,B0005_12IDB_Standard_006C_att00_Rq0_00025,2021-10-09 17:29:29,890009856,6.00,TransmissionMonitor,
B0005_12IDB_Standard_006C_att00_Rq0,B0005_12IDB_Standard_006C_att00_Rq0_00026,2021-10-09 17:29:34,890648576,6.00,TransmissionMonitor,
B0005_12IDB_Standard_006C_att00_Rq0,B0005_12IDB_Standard_006C_att00_Rq0_00027,2021-10-09 17:29:39,891293248,6.00,TransmissionMonitor,
B0005_12IDB_Standard_006C_att00_Rq0,B0005_12IDB_Standard_006C_att00_Rq0_00028,2021-10-09 17:29:52,891929920,6.00,TransmissionMonitor,
B0005_12IDB_Standard_006C_att00_Rq0,B0005_12IDB_Standard_006C_att00_Rq0_00029,2021-10-09 17:29:57,892567424,6.00,TransmissionMonitor,
B0005_12IDB_Standard_006C_att00_Rq0,B0005_12IDB_Standard_006C_att00_Rq0_00030,2021-10-09 17:30:03,893205440,6.00,TransmissionMonitor,
B0005_12IDB_Standard_006C_att00_Rq0,B0005_12IDB_Standard_006C_att00_Rq0_00031,2021-10-09 17:30:08,893840704,6.00,TransmissionMonitor,
B0005_12IDB_Standard_006C_att00_Rq0,B0005_12IDB_Standard_006C_att00_Rq0_00032,2021-10-09 17:30:13,894475904,6.00,TransmissionMonitor,
B0005_12IDB_Standard_006C_att00_Rq0,B0005_12IDB_Standard_006C_att00_Rq0_00033,2021-10-09 17:30:18,895108992,6.00,TransmissionMonitor,
B0005_12IDB_Standard_006C_att00_Rq0,B0005_12IDB_Standard_006C_att00_Rq0_00034,2021-10-09 17:30:23,895746752,6.00,TransmissionMonitor,
B0005_12IDB_Standard_006C_att00_Rq0,B0005_12IDB_Standard_006C_att00_Rq0_00035,2021-10-09 17:30:28,896388800,6.00,TransmissionMonitor,
B0005_12IDB_Standard_006C_att00_Rq0,B0005_12IDB_Standard_006C_att00_Rq0_00036,2021-10-09 17:30:33,897026752,6.00,TransmissionMonitor,
B0005_12IDB_Standard_006C_att00_Rq0,B0005_12IDB_Standard_006C_att00_Rq0_00037,2021-10-09 17:30:38,897668992,6.00,TransmissionMonitor,
B0005_12IDB_Standard_006C_att00_Rq0,B0005_12IDB_Standard_006C_att00_Rq0_00038,2021-10-09 17:30:45,898313856,6.00,TransmissionMonitor,
B0005_12IDB_Standard_006C_att00_Rq0,B0005_12IDB_Standard_006C_att00_Rq0_00039,2021-10-09 17:30:50,898954496,6.00,TransmissionMonitor,
B0005_12IDB_Standard_006C_att00_Rq0,B0005_12IDB_Standard_006C_att00_Rq0_00040,2021-10-09 17:30:55,899592704,6.00,TransmissionMonitor,
B0005_12IDB_Standard_006C_att00_Rq0,B0005_12IDB_Standard_006C_att00_Rq0_00041,2021-10-09 17:31:01,900229056,6.00,TransmissionMonitor,
B0005_12IDB_Standard_006C_att00_Rq0,B0005_12IDB_Standard_006C_att00_Rq0_00042,2021-10-09 17:31:06,900865088,6.00,TransmissionMonitor,
B0005_12IDB_Standard_006C_att00_Rq0,B0005_12IDB_Standard_006C_att00_Rq0_00043,2021-10-09 17:31:11,901501248,6.00,TransmissionMonitor,
B0005_12IDB_Standard_006C_att00_Rq0,B0005_12IDB_Standard_006C_att00_Rq0_00044,2021-10-09 17:31:16,902136960,6.00,TransmissionMonitor,
B0005_12IDB_Standard_006C_att00_Rq0,B0005_12IDB_Standard_006C_att00_Rq0_00045,2021-10-09 17:31:22,902772736,6.00,TransmissionMonitor,
B0005_12IDB_Standard_006C_att00_Rq0,B0005_12IDB_Standard_006C_att00_Rq0_00046,2021-10-09 17:31:28,903417216,6.00,TransmissionMonitor,
B0005_12IDB_Standard_006C_att00_Rq0,B0005_12IDB_Standard_006C_att00_Rq0_00047,2021-10-09 17:31:33,904052864,6.00,TransmissionMonitor,
B0005_12IDB_Standard_006C_att00_Rq0,B0005_12IDB_Standard_006C_att00_Rq0_00048,2021-10-09 17:31:38,904691840,6.00,TransmissionMonitor,
B0005_12IDB_Standard_006C_att00_Rq0,B0005_12IDB_Standard_006C_att00_Rq0_00049,2021-10-09 17:31:43,905330112,6.00,TransmissionMonitor,
B0005_12IDB_Standard_006C_att00_Rq0,B0005_12IDB_Standard_006C_att00_Rq0_00050,2021-10-09 17:31:48,905965504,6.00,TransmissionMonitor,
B0005_12IDB_Standard_006C_att00_Rq0,B0005_12IDB_Standard_006C_att00_Rq0_00051,2021-10-09 17:31:53,906603264,6.00,TransmissionMonitor,
B0005_12IDB_Standard_006C_att00_Rq0,B0005_12IDB_Standard_006C_att00_Rq0_00052,2021-10-09 17:32:03,907240448,6.00,TransmissionMonitor,
B0005_12IDB_Standard_006C_att00_Rq0,B0005_12IDB_Standard_006C_att00_Rq0_00053,2021-10-09 17:32:08,907877760,6.00,TransmissionMonitor,
B0005_12IDB_Standard_006C_att00_Rq0,B0005_12IDB_Standard_006C_att00_Rq0_00054,2021-10-09 17:32:14,908515136,6.00,TransmissionMonitor,
B0005_12IDB_Standard_006C_att00_Rq0,B0005_12IDB_Standard_006C_att00_Rq0_00055,2021-10-09 17:32:19,909152768,6.00,TransmissionMonitor,
B0005_12IDB_Standard_006C_att00_Rq0,B0005_12IDB_Standard_006C_att00_Rq0_00056,2021-10-09 17:32:23,909795072,6.00,TransmissionMonitor,
B0005_12IDB_Standard_006C_att00_Rq0,B0005_12IDB_Standard_006C_att00_Rq0_00057,2021-10-09 17:32:30,910439296,6.00,TransmissionMonitor,
B0005_12IDB_Standard_006C_att00_Rq0,B0005_12IDB_Standard_006C_att00_Rq0_00058,2021-10-09 17:32:35,911078144,6.00,TransmissionMonitor,
B0005_12IDB_Standard_006C_att00_Rq0,B0005_12IDB_Standard_006C_att00_Rq0_00059,2021-10-09 17:32:41,911725888,6.00,TransmissionMonitor,
B0005_12IDB_Standard_006C_att00_Rq0,B0005_12IDB_Standard_006C_att00_Rq0_00060,2021-10-09 17:32:47,912362176,6.00,TransmissionMonitor,
B0005_12IDB_Standard_006C_att00_Rq0,B0005_12IDB_Standard_006C_att00_Rq0_00061,2021-10-09 17:32:53,912999232,6.00,TransmissionMonitor,
B0005_12IDB_Standard_006C_att00_Rq0,B0005_12IDB_Standard_006C_att00_Rq0_00062,2021-10-09 17:32:58,913637888,6.00,TransmissionMonitor,
B0005_12IDB_Standard_006C_att00_Rq0,B0005_12IDB_Standard_006C_att00_Rq0_00063,2021-10-09 17:33:05,914276544,6.00,TransmissionMonitor,
B0005_12IDB_Standard_006C_att00_Rq0,B0005_12IDB_Standard_006C_att00_Rq0_00064,2021-10-09 17:33:10,914912576,6.00,TransmissionMonitor,
B0005_12IDB_Standard_006C_att00_Rq0,B0005_12IDB_Standard_006C_att00_Rq0_00065,2021-10-09 17:33:15,915546112,6.00,TransmissionMonitor,
B0005_12IDB_Standard_006C_att00_Rq0,B0005_12IDB_Standard_006C_att00_Rq0_00066,2021-10-09 17:33:20,916181440,6.00,TransmissionMonitor,
B0005_12IDB_Standard_006C_att00_Rq0,B0005_12IDB_Standard_006C_att00_Rq0_00067,2021-10-09 17:33:26,916817152,6.00,TransmissionMonitor,
B0005_12IDB_Standard_006C_att00_Rq0,B0005_12IDB_Standard_006C_att00_Rq0_00068,2021-10-09 17:33:31,917458752,6.00,TransmissionMonitor,
B0005_12IDB_Standard_006C_att00_Rq0,B0005_12IDB_Standard_006C_att00_Rq0_00069,2021-10-09 17:33:36,918097024,6.00,TransmissionMonitor,
B0005_12IDB_Standard_006C_att00_Rq0,B0005_12IDB_Standard_006C_att00_Rq0_00070,2021-10-09 17:33:41,918745664,6.00,TransmissionMonitor,
B0005_12IDB_Standard_006C_att00_Rq0,B0005_12IDB_Standard_006C_att00_Rq0_00071,2021-10-09 17:33:47,919383680,6.00,TransmissionMonitor,
B0005_12IDB_Standard_006C_att00_Rq0,B0005_12IDB_Standard_006C_att00_Rq0_00072,2021-10-09 17:33:52,920023488,6.00,TransmissionMonitor,
B0005_12IDB_Standard_006C_att00_Rq0,B0005_12IDB_Standard_006C_att00_Rq0_00073,2021-10-09 17:33:57,920670144,6.00,TransmissionMonitor,
B0005_12IDB_Standard_006C_att00_Rq0,B0005_12IDB_Standard_006C_att00_Rq0_00074,2021-10-09 17:34:03,921308544,6.00,TransmissionMonitor,
B0005_12IDB_Standard_006C_att00_Rq0,B0005_12IDB_Standard_006C_att00_Rq0_00075,2021-10-09 17:34:09,921948416,6.00,TransmissionMonitor,
B0005_12IDB_Standard_006C_att00_Rq0,B0005_12IDB_Standard_006C_att00_Rq0_00076,2021-10-09 17:34:14,922584960,6.00,TransmissionMonitor,
B0005_12IDB_Standard_006C_att00_Rq0,B0005_12IDB_Standard_006C_att00_Rq0_00077,2021-10-09 17:34:19,923220608,6.00,TransmissionMonitor,
B0005_12IDB_Standard_006C_att00_Rq0,B0005_12IDB_Standard_006C_att00_Rq0_00078,2021-10-09 17:34:24,923863552,6.00,TransmissionMonitor,
B0005_12IDB_Standard_006C_att00_Rq0,B0005_12IDB_Standard_006C_att00_Rq0_00079,2021-10-09 17:34:30,924501120,6.00,TransmissionMonitor,
B0005_12IDB_Standard_006C_att00_Rq0,B0005_12IDB_Standard_006C_att00_Rq0_00080,2021-10-09 17:34:35,925138304,6.00,TransmissionMonitor,
B0005_12IDB_Standard_006C_att00_Rq0,B0005_12IDB_Standard_006C_att00_Rq0_00081,2021-10-09 17:34:42,925775552,6.00,TransmissionMonitor,
B0005_12IDB_Standard_006C_att00_Rq0,B0005_12IDB_Standard_006C_att00_Rq0_00082,2021-10-09 17:34:48,926412096,6.00,TransmissionMonitor,
B0005_12IDB_Standard_006C_att00_Rq0,B0005_12IDB_Standard_006C_att00_Rq0_00083,2021-10-09 17:34:53,927049280,6.00,TransmissionMonitor,
B0005_12IDB_Standard_006C_att00_Rq0,B0005_12IDB_Standard_006C_att00_Rq0_00084,2021-10-09 17:34:58,927684928,6.00,TransmissionMonitor,
B0005_12IDB_Standard_006C_att00_Rq0,B0005_12IDB_Standard_006C_att00_Rq0_00085,2021-10-09 17:35:03,928323776,6.00,TransmissionMonitor,
B0005_12IDB_Standard_006C_att00_Rq0,B0005_12IDB_Standard_006C_att00_Rq0_00086,2021-10-09 17:35:09,928957248,6.00,TransmissionMonitor,
B0005_12IDB_Standard_006C_att00_Rq0,B0005_12IDB_Standard_006C_att00_Rq0_00087,2021-10-09 17:35:14,929601408,6.00,TransmissionMonitor,
B0005_12IDB_Standard_006C_att00_Rq0,B0005_12IDB_Standard_006C_att00_Rq0_00088,2021-10-09 17:35:19,930245696,6.00,TransmissionMonitor,
B0005_12IDB_Standard_006C_att00_Rq0,B0005_12IDB_Standard_006C_att00_Rq0_00089,2021-10-09 17:35:24,930886336,6.00,TransmissionMonitor,
B0005_12IDB_Standard_006C_att00_Rq0,B0005_12IDB_Standard_006C_att00_Rq0_00090,2021-10-09 17:35:30,931535040,6.00,TransmissionMonitor,
B0005_12IDB_Standard_006C_att00_Rq0,B0005_12IDB_Standard_006C_att00_Rq0_00091,2021-10-09 17:35:34,932172544,6.00,TransmissionMonitor,
B0005_12IDB_Standard_006C_att00_Rq0,B0005_12IDB_Standard_006C_att00_Rq0_00092,2021-10-09 17:35:40,932810880,6.00,TransmissionMonitor,
B0005_12IDB_Standard_006C_att00_Rq0,B0005_12IDB_Standard_006C_att00_Rq0_00093,2021-10-09 17:35:50,933451200,6.00,TransmissionMonitor,
B0005_12IDB_Standard_006C_att00_Rq0,B0005_12IDB_Standard_006C_att00_Rq0_00094,2021-10-09 17:35:56,934091712,6.00,TransmissionMonitor,
B0005_12IDB_Standard_006C_att00_Rq0,B0005_12IDB_Standard_006C_att00_Rq0_00095,2021-10-09 17:36:01,934729856,6.00,TransmissionMonitor,
B0005_12IDB_Standard_006C_att00_Rq0,B0005_12IDB_Standard_006C_att00_Rq0_00096,2021-10-09 17:36:06,935373888,6.00,TransmissionMonitor,
B0005_12IDB_Standard_006C_att00_Rq0,B0005_12IDB_Standard_006C_att00_Rq0_00097,2021-10-09 17:36:11,936011264,6.00,TransmissionMonitor,
B0005_12IDB_Standard_006C_att00_Rq0,B0005_12IDB_Standard_006C_att00_Rq0_00098,2021-10-09 17:36:18,936655424,6.00,TransmissionMonitor,
B0005_12IDB_Standard_006C_att00_Rq0,B0005_12IDB_Standard_006C_att00_Rq0_00099,2021-10-09 17:36:23,937293120,6.00,TransmissionMonitor,
B0005_12IDB_Standard_006C_att00_Rq0,B0005_12IDB_Standard_006C_att00_Rq0_00100,2021-10-09 17:36:28,937930496,6.00,TransmissionMonitor,
